,market_name,chemical_name
0,АЗИТРОМИЦИН ФОРТЕ-АЛИУМ,Азитромицин
1,АЗИТРОМИЦИН-АЛИУМ,Азитромицин
2,АЛБЕНДАЗОЛ-АЛИУМ,Албендазол
3,АЛЕЦЕНЗА®,Алектиниб
4,АЛЛОПУРИНОЛ АВЕКСИМА,Аллопуринол
5,АМЛОДИПИН-ПРАНА,Амлодипин
6,АНГИОРУС,Гесперидин+Диосмин
7,АНТИФОЛАТ,Пеметрексед
8,АСК-кардио®,Ацетилсалициловая кислота
9,АТОРВАСТАТИН,Аторвастатин
10,АТОРВАСТАТИН АВЕКСИМА,Аторвастатин
11,АТОРВАСТАТИН Фармасинтез,Аторвастатин
12,АТОРВАСТАТИН-АЛИУМ,Аторвастатин
13,АЦЕКЛОФЕНАК,Ацеклофенак
14,АЦЕКЛОФЕНАК АВЕКСИМА,Ацеклофенак
15,АЦИКЛОВИР ФОРТЕ-АЛИУМ,Ацикловир
16,Абиратерон,Абиратерон
17,Абитера,Абиратерон
18,Авиамарин®,Дименгидринат
19,Агалатес,Каберголин
20,Агемфил А,Фактор свертывания крови VIII
21,Агтеминол,Агомелатин
22,Адвейт®,Октоког альфа
23,Адемпас®,Риоцигуат
24,Адреналин,Эпинефрин
25,Адреналин-СОЛОфарм,Эпинефрин
26,Азалепрол®,Клозапин
27,Азарга,Бринзоламид+Тимолол
28,Азелик,Азелаиновая кислота
29,Азимитем,Зидовудин
30,Азитромицин,Азитромицин
31,Азитромицин Реневал,Азитромицин
32,Азитромицин Форте-АКОС,Азитромицин
33,Азитромицин ЭКСПРЕСС,Азитромицин
34,Азитромицин Экомед®,Азитромицин
35,Азитромицин-АКОС,Азитромицин
36,Аквадетрим,Колекальциферол
37,Акимасол,Абакавир+Зидовудин+Ламивудин
38,Акридерм,Бетаметазон
39,Акридерм ГЕНТА,Бетаметазон+Гентамицин
40,Акридерм ГК,Бетаметазон+Гентамицин+Клотримазол
41,Акридерм СК,Бетаметазон+Салициловая кислота
42,Акримекс,Этилметилгидроксипиридина сукцинат
43,Актовегин®,Депротеинизированный гемодериват крови телят
44,Алагет,Абакавир+Ламивудин
45,Алвента®,Венлафаксин
46,Алгезир Ультра,Напроксен
47,Алзепил®,Донепезил
48,Аллервэй,Левоцетиризин
49,Алтея сироп-АКОС,Алтея корней экстракт
50,Альдуразим®,Ларонидаза
51,Альфа-Токоферола ацетат,Витамин Е
52,Альфаксим®,Рифаксимин
53,Амарил® М,Глимепирид+Метформин
54,Амбробене,Амброксол
55,Амброксол,Амброксол
56,Амброксол ДС,Амброксол
57,Амброксол-Акрихин,Амброксол
58,Амивирен,Ламивудин
59,Амивирен®,Ламивудин
60,Амигренин®,Суматриптан
61,Амизолид,Линезолид
62,Амикацин,Амикацин
63,Амиктобин,Аминосалициловая кислота
64,Аминазин®,Хлорпромазин
65,Аминокапроновая кислота-СОЛОфарм,Аминокапроновая кислота
66,Амиодарон,Амиодарон
67,Амитриптилин,Амитриптилин
68,Амлодипин Алкалоид,Амлодипин
69,Амлодипин-АКОС,Амлодипин
70,Амлодипин-Акрихин,Амлодипин
71,Амлодипин-ВЕРТЕКС,Амлодипин
72,Амлодипин-Валсартан-Акрихин,Амлодипин+Валсартан
73,Амлодипин-КРКА,Амлодипин
74,Амоксициллин-АКОС,Амоксициллин
75,Аморолфин,Аморолфин
76,Ампициллин,Ампициллин
77,Амприлан®,Рамиприл
78,Амфотерицин В липосомальный,Амфотерицин B [липосомальный]
79,Анальгин Реневал,Метамизол натрия
80,Анальгин-Ультра,Метамизол натрия
81,Анастрозол,Анастрозол
82,Ангидак® септ,Бензидамин
83,Ангидак® форте,Бензидамин
84,Андипал,Бендазол+Метамизол натрия+Папаверин+Фенобарбитал
85,Аноро Эллипта,Вилантерол+Умеклидиния бромид
86,Антиандрен 100,Ципротерон
87,Антиандрен® 10,Ципротерон
88,Антиандрен® 50,Ципротерон
89,Антиандрен® депо,Ципротерон
90,Антифлу® Кидс,Парацетамол+Хлорфенамин+[Аскорбиновая кислота]
91,Апидра® СолоСтар®,Инсулин глулизин
92,Апрепитант,Апрепитант
93,Апроваск®,Амлодипин+Ирбесартан
94,Апровель®,Ирбесартан
95,Апрокан,Флутамид
96,Арипипразол,Арипипразол
97,Арифам®,Амлодипин+Индапамид
98,Арифон® ретард,Индапамид
99,Аркоксиа®,Эторикоксиб
100,Артезин®,Доксазозин
101,Артра®,Глюкозамин+Хондроитина сульфат
102,Артрозан®,Мелоксикам
103,Артрозилен,Кетопрофен
104,Асентра®,Сертралин
105,Аскорбиновая кислота,Аскорбиновая кислота
106,Аскорил,Бромгексин+Гвайфенезин+Сальбутамол
107,Аскорил экспекторант,Бромгексин+Гвайфенезин+Сальбутамол
108,Аспаркам Медисорб,Калия аспарагинат+Магния аспарагинат
109,Аспирин®-С,Ацетилсалициловая кислота+[Аскорбиновая кислота]
110,Атазанавир,Атазанавир
111,Атазанавир-КРКА,Атазанавир
112,Атенолол,Атенолол
113,Аторвастатин Медисорб,Аторвастатин
114,Аторвастатин Реневал,Аторвастатин
115,Аторвастатин Санофи,Аторвастатин
116,Аторвастатин-АКОС,Аторвастатин
117,Аторвастатин-ВЕРТЕКС,Аторвастатин
118,Аторис®,Аторвастатин
119,Атровент®,Ипратропия бромид
120,Атровент® Н,Ипратропия бромид
121,Аттенто®,Амлодипин+Олмесартана медоксомил
122,Аугментин®,Амоксициллин+[Клавулановая кислота]
123,Африн®,Оксиметазолин
124,Африн® увлажняющий,Оксиметазолин
125,Африн® экстро,Оксиметазолин
126,Ацекардол®,Ацетилсалициловая кислота
127,Ацеклофенак,Ацеклофенак
128,Ацетазоламид,Ацетазоламид
129,Ацетилсалициловая кислота,Ацетилсалициловая кислота
130,Ацетилсалициловая кислота КАРДИО,Ацетилсалициловая кислота
131,Ацетилсалициловая кислота Кардио,Ацетилсалициловая кислота
132,Ацетилсалициловая кислота Медисорб,Ацетилсалициловая кислота
133,Ацетилсалициловая кислота Реневал,Ацетилсалициловая кислота
134,Ацетилсалициловая кислота+Аскорбиновая кислота,Ацетилсалициловая кислота+[Аскорбиновая кислота]
135,Ацикловир,Ацикловир
136,Ацикловир Реневал,Ацикловир
137,Ацикловир-АКОС,Ацикловир
138,Ацикловир-Акрихин,Ацикловир
139,Аэртал®,Ацеклофенак
140,БЕНЗОНАЛ,Бензобарбитал
141,БИСОПРОЛОЛ-ПРАНА,Бисопролол
142,БОЗЕНТАН Фармасинтез,Бозентан
143,Бактериофаг дизентерийный поливалентный,Бактериофаг дизентерийный
144,Бактофлокс,Левофлоксацин
145,Бартизар®,Бортезомиб
146,Бебифрин,Фенилэфрин
147,Бебифрин®,Фенилэфрин
148,Беклометазон,Беклометазон
149,Белара®,Хлормадинон+Этинилэстрадиол
150,Белодерм®,Бетаметазон
151,Белосалик®,Бетаметазон+[Салициловая кислота]
152,Бензидамин-Акрихин,Бензидамин
153,Бензилбензоат,Бензилбензоат
154,Бензилпенициллина натриевая соль,Бензилпенициллин
155,Бензилпенициллина новокаиновая соль,Бензилпенициллин
156,Бераксол-СОЛОфарм,Амброксол
157,Берголак,Каберголин
158,Беродуал®,Ипратропия бромид+Фенотерол
159,Беротек® Н,Фенотерол
160,Бетагистин,Бетагистин
161,Бетагистин-Акрихин,Бетагистин
162,Бетасерк®,Бетагистин
163,БиКНУ®,Кармустин
164,Бикалутамид,Бикалутамид
165,Билобил®,Гинкго двулопастного листьев экстракт
166,Билобил® интенс 120,Гинкго двулопастного листьев экстракт
167,Билобил® форте,Гинкго двулопастного листьев экстракт
168,Бимикомби Антиглау ЭКО,Биматопрост+Тимолол
169,Бинноферон альфа®,Интерферон альфа-2b
170,Бинноферум®,Железа [III] гидроксид сахарозный комплекс
171,Бипрол,Бисопролол
172,Бисакодил-Хемофарм,Бисакодил
173,Бисогамма®,Бисопролол
174,Бисопролол Алкалоид,Бисопролол
175,Бисопролол-АКОС,Бисопролол
176,Бисопролол-Акрихин,Бисопролол
177,Бисопролол-ВЕРТЕКС,Бисопролол
178,Биспонса,Инотузумаб озогамицин
179,Бифлурин,Вориконазол
180,Бициллин®-3,Бензатина бензилпенициллин+Бензилпенициллин натрия+Бензилпенициллин прокаина
181,Бициллин®-5,Бензатина бензилпенициллин+Бензилпенициллин прокаина
182,Блемарен®,Калия гидрокарбонат+Лимонная кислота+Натрия цитрат
183,Блеомицин-РОНЦ®,Блеомицин
184,Блинцито,Блинатумомаб
185,БлоккоС® ХЭВИ,Бупивакаин
186,Боботик,Симетикон
187,Бозенекс®,Бозентан
188,Бозентан,Бозентан
189,Боярышника настойка Реневал,Боярышника плодов настойка
190,Бравадин,Ивабрадин
191,Брайдан®,Сугаммадекс
192,Бриллиантовый зеленый,Бриллиантовый зеленый
193,Брим Антиглау ЭКО,Бримонидин
194,Бримайза® Дуо,Бримонидин+Тимолол
195,Бромгексин,Бромгексин
196,Бромгексин Медисорб,Бромгексин
197,Бромокриптин,Бромокриптин
198,Бронхорус®,Амброксол
199,Бумидол®,Ибупрофен
200,Бутадион,Фенилбутазон
201,"ВАКТРИВИР Комбинированная вакцина против кори, краснухи и паротита культуральная живая","Вакцина для профилактики кори, краснухи и паротита"
202,ВАЛГАНОЛЕК®,Валганцикловир
203,ВАЛИДОЛ С ИЗОМАЛЬТОМ,Левоментола раствор в ментил изовалерате
204,ВАЛСАРТАН,Валсартан
205,ВАЛСАРТАН-АЛИУМ,Валсартан
206,ВЕНАРУС® 500,Гесперидин+Диосмин
207,ВЕРТУМ ЛОР,Бензидамин
208,ВИНПОЦЕТИН-АЛИУМ,Винпоцетин
209,Вазилип®,Симвастатин
210,Вакцина Ку-лихорадки М-44 живая (Вакцина Ку-лихорадки М-44),Вакцина для профилактики Ку-лихорадки
211,Вакцина гонококковая инактивированная (Гоновакцина),Вакцина для лечения и диагностики гонококковая
212,Вакцина коревая культуральная живая,Вакцина для профилактики кори
213,Вакцина паротитная культуральная живая,Вакцина для профилактики паротита
214,Вакцина паротитно-коревая культуральная живая,Вакцина для профилактики кори и паротита
215,Валацикловир,Валацикловир
216,Валацикловир-АКОС,Валацикловир
217,Валганцикловир,Валганцикловир
218,Валериана Форте,Валерианы лекарственной корневищ с корнями экстракт
219,Валерианы настойка Реневал,Валерианы лекарственной корневищ с корнями настойка
220,Валерианы экстракт,Валерианы лекарственной корневищ с корнями экстракт
221,Валидол,Левоментола раствор в ментилизовалерате
222,Валраксет,Валсартан+Розувастатин
223,Валсартан-Акрихин,Валсартан
224,Вальдоксан®,Агомелатин
225,Вальсакор®,Валсартан
226,Вальсакор® Н 160,Валсартан+Гидрохлоротиазид
227,Вальсакор® Н 320,Валсартан+Гидрохлоротиазид
228,Вальсакор® Н80,Валсартан+Гидрохлоротиазид
229,Вальсакор® НД 160,Валсартан+Гидрохлоротиазид
230,Ванкорус®,Ванкомицин
231,Варгатеф®,Нинтеданиб
232,Вартоцид®,Имихимод
233,Варфарин,Варфарин
234,Велаксин®,Венлафаксин
235,Венарус®,Гесперидин+Диосмин
236,Венолайф,Гепарин натрия+Декспантенол+Троксерутин
237,Венолайф Дуо,Очищенная микронизированная флавоноидная фракция (диосмин+флавоноиды в пересчете на гесперидин)
238,Верапамил,Верапамил
239,Веро-амлодипин,Амлодипин
240,Веро-винкристин,Винкристин
241,Верошпилактон®,Спиронолактон
242,Вескомид,Ифосфамид
243,Виагра®,Силденафил
244,Визанна,Диеногест
245,Визарсин®,Силденафил
246,Визарсин® Ку-таб®,Силденафил
247,Вилдаглиптин Медисорб,Вилдаглиптин
248,Вимизайм,Элосульфаза альфа
249,Виндакель,Тафамидис
250,Винпоцетин Форте-АКОС,Винпоцетин
251,Винпоцетин форте,Винпоцетин
252,Винпоцетин-OBL,Винпоцетин
253,Винпоцетин-АКОС,Винпоцетин
254,Вирфотен,Тенофовир
255,Висмута трикалия дицитрат,Висмута трикалия дицитрат
256,Витапрост®,Простаты экстракт
257,Витапрост® Форте,Простаты экстракт
258,Вода для инъекций,Вода
259,Вольтарен,Диклофенак
260,Вольтарен Эмульгель,Диклофенак
261,Вольтарен®,Диклофенак
262,ГЕСПЕРИДИН+ДИОСМИН,Гесперидин+Диосмин
263,ГИНКОУМ®,Гинкго двулопастного листьев экстракт
264,Габапентин,Габапентин
265,Гадобускан®,Гадобутрол
266,Гадотеровая кислота Дж,Гадотеровая кислота
267,Газива®,Обинутузумаб
268,Галазолин®,Ксилометазолин
269,Галантамин,Галантамин
270,Галвус Мет®,Вилдаглиптин+Метформин
271,Галвус®,Вилдаглиптин
272,Галидор®,Бенциклан
273,Гальнора® СР,Галантамин
274,Гастал®,Алюминия гидроксид-магния карбонат+магния гидроксид
275,Гастрозол®,Омепразол
276,Гастростат®,Ребамипид
277,Гаттарт,Кальция карбонат+Магния карбонат
278,Гексикон®,Хлоргексидин
279,Гексимистин®,Хлоргексидин
280,Гексэтидин,Гексэтидин
281,Гексэтидин-Акрихин,Гексэтидин
282,Гемангиол®,Пропранолол
283,Гемлибра®,Эмицизумаб
284,Гемцивин,Гемцитабин
285,Гемцитабин-РОНЦ®,Гемцитабин
286,Гемцитабин-Тева,Гемцитабин
287,Гемцитабин-Эбеве®,Гемцитабин
288,Генферон®,Бензокаин+Интерферон альфа-2b+Таурин
289,Гепабене,Дымянки лекарственной травы экстракт+Расторопши пятнистой плодов экстракт
290,Гепарин,Гепарин натрия
291,Гепарин-Акрихин 1000,Гепарин натрия
292,Гербион® плющ,Плюща обыкновенного листьев экстракт
293,Гербион® сироп первоцвета,(Первоцвета весеннего корней+Тимьяна обыкновенного травы) экстракт
294,Гербион® сироп плюща,Плюща обыкновенного листьев экстракт
295,Гербион® сироп подорожника,Аскорбиновая кислота+(Мальвы лесной цветков+Подорожника ланцетовидного листьев) экстракт
296,Гефитиниб-ТЛ,Гефитиниб
297,Гефтесса,Гефитиниб
298,Гидрокортизон-АКОС,Гидрокортизон
299,Гидроксиэтилкрахмал 130/0.4,Гидроксиэтилкрахмал
300,Гидрохлоротиазид + Лозартан,Гидрохлоротиазид+Лозартан
301,Гидрохлоротиазид+Каптоприл,Гидрохлоротиазид+Каптоприл
302,Гинофорт®,Бутоконазол
303,Гиотриф®,Афатиниб
304,Гипотиазид®,Гидрохлоротиазид
305,Глибенкламид,Глибенкламид
306,Глибенфаж,Глибенкламид+Метформин
307,Глидиаб® МВ,Гликлазид
308,Гликлада®,Гликлазид
309,Гликлазид МВ,Гликлазид
310,Гликлазид-СЗ,Гликлазид
311,Гликсамби,Линаглиптин+Эмпаглифлозин
312,Глимепирид,Глимепирид
313,Глицерин,Глицерол
314,Глицерин Реневал,Глицерол
315,Глюкоза,Декстроза
316,Глюренорм®,Гликвидон
317,Грамисепт,Грамицидин С
318,Грандаксин®,Тофизопам
319,Гранисетрон,Гранисетрон
320,Гриптера®,Осельтамивир
321,Гроприносин®,Инозин пранобекс
322,Гроприносин®-Рихтер,Инозин пранобекс
323,Гутафлос,Натрия пикосульфат
324,ДАРБИНЕС,Флударабин
325,ДАРУНАВИР-НАНОЛЕК®,Дарунавир
326,ДЕКСОНАЛ®,Декскетопрофен
327,ДЕНТЕСГЕЛЬ,Лидокаин+Цетилпиридиния хлорид
328,ДОБРОКАМ®,Бромкамфора
329,ДОКСАЗОЗИН,Доксазозин
330,ДРОПЕРИДОЛ,Дроперидол
331,Дайвобет®,Бетаметазон+Кальципотриол
332,Даларгин-Эллара®,тирозил-D-аланил-глицил-фенилаланил-лейцил-аргинина диацетат
333,Далацин®,Клиндамицин
334,Дальнева®,Амлодипин+Периндоприл
335,Дальтеп,Далтепарин натрия
336,Дарбинес,Флударабин
337,Даунорубицин-ЛЭНС®,Даунорубицин
338,Девирс®,Рибавирин
339,Дезал,Дезлоратадин
340,Дезлоратадин-АКОС,Дезлоратадин
341,Дезринит,Мометазон
342,Дексалгин®,Декскетопрофен
343,Дексаметазон-КРКА,Дексаметазон
344,Дексиакс,Декскетопрофен
345,Дексилант®,Декслансопразол
346,Декскетопрофен,Декскетопрофен
347,Декскетопрофен-СЗ,Декскетопрофен
348,Дексонал®,Декскетопрофен
349,Декспантенол-ВЕРТЕКС,Декспантенол
350,Депакин® энтерик 300,Вальпроевая кислота
351,Дермовейт®,Клобетазол
352,Детравенол®,Очищенная микронизированная флавоноидная фракция (диосмин+флавоноиды в пересчете на гесперидин)
353,Детралекс®,Очищенная микронизированная флавоноидная фракция (диосмин+флавоноиды в пересчете на гесперидин)
354,Децитана,Децитабин
355,Джевтана®,Кабазитаксел
356,Джент®,Силденафил
357,Диабеталонг®,Гликлазид
358,Диабетон® МВ,Гликлазид
359,Диазолин,Мебгидролин
360,Диакарб,Ацетазоламид
361,Диалрапид®,Диклофенак
362,Диамерид®,Глимепирид
363,Диара®,Лоперамид
364,Диартрин,Диацереин
365,Диафурил,Нифуроксазид
366,Дибикор®,Таурин
367,Дигоксин Реневал,Дигоксин
368,Дизаверокс®,Зидовудин+Ламивудин
369,Дикардплюс®,Хлорталидон
370,Диклофенак,Диклофенак
371,Диклофенак Велфарм,Диклофенак
372,Диклофенак Реневал,Диклофенак
373,Диклофенак ретард,Диклофенак
374,Диклофенак ретард-Акрихин,Диклофенак
375,Диклофенак-АКОС,Диклофенак
376,Диклофенак-Акрихин,Диклофенак
377,Диклофенак-ФПО®,Диклофенак
378,Диксин,Гидроксиметилхиноксалиндиоксид
379,Дилтиазем,Дилтиазем
380,Диметинден-Акрихин,Диметинден
381,Динамико,Силденафил
382,Диоксидин®,Гидроксиметилхиноксалиндиоксид
383,Дипиридамол,Дипиридамол
384,Дипиридамол-ФПО®,Дипиридамол
385,Дипроспан®,Бетаметазон
386,Дифлюкан®,Флуконазол
387,Доквир,Тенофовир+Эмтрицитабин
388,Доксазозин-ФПО®,Доксазозин
389,Доксиламин,Доксиламин
390,Доксициклин Солюшн Таблетс,Доксициклин
391,Доксициклин ЭКСПРЕСС,Доксициклин
392,Долобене,Гепарин натрия+Декспантенол+Диметилсульфоксид
393,Домперидон-Тева,Домперидон
394,Донормил®,Доксиламин
395,Дор Антиглау ЭКО,Дорзоламид
396,Дорзиал плюс,Дорзоламид+Тимолол
397,Дорзолан® соло,Дорзоламид
398,Дорзолан® экстра,Дорзоламид+Тимолол
399,Дорипенем,Дорипенем
400,Дортимол Антиглау ЭКО,Дорзоламид+Тимолол
401,Дофамин,Допамин
402,Дриптан®,Оксибутинин
403,Дротаверин Реневал,Дротаверин
404,Дротаверин-СОЛОфарм,Дротаверин
405,Дуодарт,Дутастерид+Тамсулозин
406,Дутастерид-Тева,Дутастерид
407,ДэТриФерол,Колекальциферол
408,Дюфастон®,Дидрогестерон
409,ЖЕЛЕЗА (III) ГИДРОКСИД САХАРОЗНЫЙ КОМПЛЕКС,Железа [III] гидроксид сахарозный комплекс
410,Жавлор,Винфлунин
411,Железа [III] гидроксид сахарозный комплекс,Железа [III] гидроксид сахарозный комплекс
412,ЗОВИРАКС®,Ацикловир
413,Залаин®,Сертаконазол
414,Заласта®,Оланзапин
415,Заласта® Ку-таб®,Оланзапин
416,Залтрап®,Афлиберцепт
417,Звездочка ноз,Ксилометазолин
418,Зелбораф®,Вемурафениб
419,Зеникс,Линезолид
420,Зербакса®,Цефтолозан+[Тазобактам]
421,Зидовудин,Зидовудин
422,Зидолам,Зидовудин+Ламивудин
423,Зилт®,Клопидогрел
424,Золгенсма®,Онасемноген абепарвовек
425,Золера,Золедроновая кислота
426,Зульбекс®,Рабепразол
427,ИМАТИНИБ ГРИНДЕКС,Иматиниб
428,ИНЪЕКТРАН®,Хондроитина сульфат
429,ИПИКРАТ,Ипидакрин
430,Ибупрофен Медисорб,Ибупрофен
431,Ибупрофен-АКОС,Ибупрофен
432,Ивабрадин,Ивабрадин
433,Ивилект,Нафазолин
434,Ивинак®-СОЛОфарм,Бромфенак
435,Изосорбида мононитрат,Изосорбида мононитрат
436,Изофра,Фрамицетин
437,Иматанго®,Помалидомид
438,Иматиниб-Тева,Иматиниб
439,Имипенем + Циластатин,Имипенем+[Циластатин]
440,Иммунат,Фактор свертывания крови VIII+Фактор Виллебранда
441,Иммунин,Фактор свертывания крови IX
442,Импликор®,Ивабрадин+Метопролол
443,Имунофан®,Аргинил-альфа-аспартил-лизил-валил-тирозил-аргинин
444,Индапамид,Индапамид
445,Индапамид ретард,Индапамид
446,Индапамид ретард-Тева,Индапамид
447,Индапамид-КРКА,Индапамид
448,Индапамид/Периндоприл-Тева,Индапамид+Периндоприл
449,Индигокармин,Индигокармин
450,Индоксил,Бензоила пероксид+Клиндамицин
451,Индометацин 100 Берлин-Хеми,Индометацин
452,Индометацин 50 Берлин-Хеми,Индометацин
453,Инлита®,Акситиниб
454,Иннонафактор®,Нонаког альфа
455,Иновелон®,Руфинамид
456,Инспиракс®,Ипратропия бромид+Фенотерол
457,Инстолит,Глимепирид
458,Интегрилин,Эптифибатид
459,"Инфанрикс® (Вакцина для профилактики дифтерии, столбняка, коклюша (бесклеточная) трехкомпонентная адсорбированная жидкая)","Вакцина для профилактики дифтерии, коклюша (бесклеточная) и столбняка"
460,"Инфанрикс® Гекса (Вакцина для профилактики дифтерии, столбняка, коклюша (бесклеточная), полиомиелита (инактивированная), гепатита В комбинированная, адсорбированная в комплекте с вакциной для профилактики инфекции, вызываемой Haemophilus influenzae тип b конъюгированной, адсорбированной)","Вакцина для профилактики дифтерии, столбняка, коклюша (бесклеточная), гепатита B, полиомиелита (инактивированная) и инфекций, вызываемых Haemophilus influenzae тип b"
461,Ионоплазм,Калия хлорид+Магния хлорид+Натрия ацетат+Натрия глюконат+Натрия хлорид
462,Ипратерол,Ипратропия бромид+Фенотерол
463,Ипратропиум,Ипратропия бромид
464,Иринова,Иринотекан
465,Ириноплат,Карбоплатин
466,Иритен®,Иринотекан
467,Итомед®,Итоприд
468,Итоприд,Итоприд
469,Итулси,Палбоциклиб
470,ЙОДОПИРОН,Повидон-Йод+[Калия йодид]
471,Йогексол-АКОС,Йогексол
472,Йод,Йод+[Калия йодид+Этанол]
473,Йодбаланс®,Калия йодид
474,Йоностерил,Калия ацетат + Кальция ацетат + Магния ацетат + Натрия ацетат + Натрия хлорид
475,КЕТОРОЛАК ВЕЛФАРМ,Кеторолак
476,КЛОЗАПИН АВЕКСИМА,Клозапин
477,КОВИД-глобулин,Иммуноглобулин человека против COVID-19
478,КСОФЛЮЗА®,Балоксавир марбоксил
479,Каберголин,Каберголин
480,Кавинтон®,Винпоцетин
481,Кавинтон® Комфорте,Винпоцетин
482,Кавинтон® форте,Винпоцетин
483,Кадсила®,Трастузумаб эмтанзин
484,Календулы настойка Реневал,Календулы лекарственной цветков настойка
485,Калетра®,Лопинавир+Ритонавир
486,Калидавир®,Лопинавир+Ритонавир
487,Калия и магния аспарагинат,Калия и магния аспарагинат
488,Калия оротат,Оротовая кислота
489,Кальций Д3,Кальция карбонат+Колекальциферол
490,Кальция глюконат,Кальция глюконат
491,Кальция глюконат Медисорб,Кальция глюконат
492,Кальция глюконат-СОЛОфарм,Кальция глюконат
493,КамРОУ®,Иммуноглобулин человека антирезус Rho[D]
494,Камирен®,Доксазозин
495,Камирен® ХЛ,Доксазозин
496,Кампто® ЦС,Иринотекан
497,Кандесартан,Кандесартан
498,Кандид,Клотримазол
499,Капецитабин,Капецитабин
500,Капецитовер,Капецитабин
501,Капотен,Каптоприл
502,Капрелса,Вандетаниб
503,Капреомицин,Капреомицин
504,Каптоприл,Каптоприл
505,Каптоприл Реневал,Каптоприл
506,Каптоприл-АКОС,Каптоприл
507,Каптоприл-ФПО®,Каптоприл
508,Карбамазепин,Карбамазепин
509,Карбоплатин-ЛЭНС®,Карбоплатин
510,Карбоплатин-РОНЦ®,Карбоплатин
511,Карведилол-АКОС,Карведилол
512,Карведилол-Акрихин,Карведилол
513,Карведилол-Тева,Карведилол
514,КардиоАктив® Таурин,Таурин
515,Кардиомагнил,Ацетилсалициловая кислота+Магния гидроксид
516,Каспофунгин,Каспофунгин
517,Касцебене,Карбоцистеин
518,Каффетин®,Кодеин+Кофеин+Парацетамол+Пропифеназон
519,Каффетин® лайт,Кофеин+Парацетамол+Пропифеназон
520,Квадрапарин®-СОЛОфарм,Эноксапарин натрия
521,Квентиакс®,Кветиапин
522,Квентиакс® СР,Кветиапин
523,Кемерувир®,Дарунавир
524,Кеналог® 40,Триамцинолон
525,Кераворт,Имихимод
526,Кетилепт®,Кветиапин
527,Кетоконазол,Кетоконазол
528,Кетонал® Актив Плюс,Кетопрофен
529,Кетопрофен,Кетопрофен
530,Кетопрофен Органика,Кетопрофен
531,Кетопрофен-АКОС,Кетопрофен
532,Кетопрофен-АКОС МВ,Кетопрофен
533,Кетопрофен-ВЕРТЕКС,Кетопрофен
534,Кетопрофен-ЛОР,Кетопрофен
535,Кетопрофен-СОЛОфарм,Кетопрофен
536,Кеторол®,Кеторолак
537,Кеторолак,Кеторолак
538,Кеторолак Реневал,Кеторолак
539,Кеторолак-OBL,Кеторолак
540,Кеторолак-ВЕРТЕКС,Кеторолак
541,Кетотифен Реневал,Кетотифен
542,Кимокс®,Моксифлоксацин
543,Кларитромицин,Кларитромицин
544,Кларитромицин СР,Кларитромицин
545,Кларитромицин ретард-OBL,Кларитромицин
546,Кларитромицин-OBL,Кларитромицин
547,Клацид®,Кларитромицин
548,Клемастин,Клемастин
549,Кленикс,Эноксапарин натрия
550,Клиндагель,Клиндамицин
551,Клиндамицин-ВЕРТЕКС,Клиндамицин
552,Клиндацин®,Клиндамицин
553,Клиндовит Комбо,Бензоила пероксид+Клиндамицин
554,Клопидогрел,Клопидогрел
555,Клопидогрел-АКОС,Клопидогрел
556,Клопидогрел-ТАД,Клопидогрел
557,Клопидогрел/АСК-Тева,Ацетилсалициловая кислота+Клопидогрел
558,Клостилбегит®,Кломифен
559,Клотримазол,Клотримазол
560,Клотримазол-АКОС,Клотримазол
561,Клотримазол-ВЕРТЕКС,Клотримазол
562,Ко-Дальнева®,Амлодипин+Индапамид+Периндоприл
563,Ко-Перинева®,Индапамид+Периндоприл
564,Комбитропил®,Пирацетам+Циннаризин
565,Консазит®,Азитромицин
566,КонтрДиар,Нифуроксазид
567,Контразуд,Диметинден
568,Контролок®,Пантопразол
569,Кораксан®,Ивабрадин
570,Кордарон®,Амиодарон
571,Кордиамин,Никетамид
572,Коринфар®,Нифедипин
573,Коринфар® ретард,Нифедипин
574,Коронал,Бисопролол
575,Кортексин®,Полипептиды коры головного мозга скота
576,Кортимент,Будесонид
577,Котеллик®,Кобиметиниб
578,Круарон®,Рокурония бромид
579,Ксалатан®,Латанопрост
580,Ксалкори®,Кризотиниб
581,Ксилометазолин ДС,Ксилометазолин
582,Куван,Сапроптерин
583,Купренил®,Пеницилламин
584,ЛАМИВУДИН АВЕКСИМА,Ламивудин
585,ЛИЗИНОПРИЛ,Лизиноприл
586,ЛИНЕЗОЛИД,Линезолид
587,ЛИНОДЖЕКТ,Линезолид
588,ЛОПЕРАМИД-АЛИУМ,Лоперамид
589,Лавомакс® НЕО,Тилорон
590,Лактинет®-Рихтер,Дезогестрел
591,Лактофильтрум®,Лактулоза+Лигнин гидролизный
592,Лактулоза,Лактулоза
593,Ламиктал®,Ламотриджин
594,Ламолеп®,Ламотриджин
595,Лантус® СолоСтар®,Инсулин гларгин
596,Ларигама®,Пиридоксин+Тиамин+Цианокобаламин+[Лидокаин]
597,Лафракс,Офлоксацин
598,Леветирацетам-Алиум,Леветирацетам
599,Левитра®,Варденафил
600,Леволет® Р,Левофлоксацин
601,Левомицетин,Хлорамфеникол
602,Левомицетин Актитаб,Хлорамфеникол
603,Левомицетин Реневал,Хлорамфеникол
604,Левомицетин-АКОС,Хлорамфеникол
605,Левофлоксацин,Левофлоксацин
606,Левофлоксацин-АКОС,Левофлоксацин
607,Левофлоксацин-Акрихин,Левофлоксацин
608,Левоцетиризин,Левоцетиризин
609,Левоцетиризин Реневал,Левоцетиризин
610,Ленвима®,Ленватиниб
611,Лерканидипин-СЗ,Лерканидипин
612,Лерникор®,Лерканидипин
613,Лефлуномид,Лефлуномид
614,Лидаза,Гиалуронидаза
615,Лидокаин,Лидокаин
616,Лизиноприл,Лизиноприл
617,Лизиноприл Реневал,Лизиноприл
618,Лизиноприл-OBL,Лизиноприл
619,Линдинет 20,Гестоден+Этинилэстрадиол
620,Линдинет 30,Гестоден+Этинилэстрадиол
621,Линезолид,Линезолид
622,Линезолид-КРКА,Линезолид
623,ЛинкоВел®,Линкомицин
624,Линкомицин,Линкомицин
625,Липертанс®,Амлодипин+Аторвастатин+Периндоприл
626,Липобон®,Эзетимиб
627,Липримар®,Аторвастатин
628,Логимакс®,Метопролол+Фелодипин
629,Лозап®,Лозартан
630,Лозап® Плюс,Гидрохлоротиазид+Лозартан
631,Локсидон,Теризидон
632,Лоперамид,Лоперамид
633,Лоперамид Реневал,Лоперамид
634,Лоперамид-Акрихин,Лоперамид
635,Лопирел,Клопидогрел
636,Лорамил,Хлорамбуцил
637,Лоратадин,Лоратадин
638,Лоратадин-АКОС,Лоратадин
639,Лоратадин-Акрихин,Лоратадин
640,Лоратадин-ВЕРТЕКС,Лоратадин
641,Лориста®,Лозартан
642,Лориста® Н,Гидрохлоротиазид+Лозартан
643,Лориста® Н 100,Гидрохлоротиазид+Лозартан
644,Лориста® НД,Гидрохлоротиазид+Лозартан
645,Лоротокс®,Лидокаин+Феназон
646,Лортенза®,Амлодипин+Лозартан
647,МЕЛОКСИКАМ,Мелоксикам
648,МЕЛОКСИКАМ АВЕКСИМА,Мелоксикам
649,МЕЛОКСИКАМ-ПРАНА,Мелоксикам
650,МЕЛЬДОНИЙ АВЕКСИМА,Мельдоний
651,"МЕНАКТРА® [вакцина менингококковая полисахаридная (серогрупп A, C, Y и W-135], конъюгированная с дифтерийным анатоксином]","Вакцина для профилактики менингококковых инфекций серогрупп A, C, W, Y, полисахаридная, конъюгированная"
652,МЕТИЛПРЕДНИЗОЛОН,Метилпреднизолон
653,МЕТОКЛОПРАМИД,Метоклопрамид
654,МЕТФОРМИН,Метформин
655,МИДЗО®,Цианамид
656,МИЛДРОНАТ®,Мельдоний
657,МИРАДОСКАН,Гадодиамид
658,МИРОКРОМ®,Кромоглициевая кислота
659,МИТРАСЕПТИН®-ПРО,Бензилдиметил-миристоиламино-пропиламмоний
660,МИТРАСЕПТИН®-ПРОЛОР,Бензилдиметил-миристоиламино-пропиламмоний+Флурбипрофен
661,МОКСОНИДИН АВЕКСИМА,Моксонидин
662,МОМАТ РИНО,Мометазон
663,МОМАТ РИНО АДВАНС,Азеластин+Мометазон
664,МОНТЕЛУКАСТ-АЛИУМ,Монтелукаст
665,Мабтера®,Ритуксимаб
666,Магнерот®,Магния оротат
667,Магникардил®,Ацетилсалициловая кислота+[Магния гидроксид]
668,Магния сульфат,Магния сульфат
669,Майозайм®,Алглюкозидаза альфа
670,Майфортик®,Микофеноловая кислота
671,Макропен®,Мидекамицин
672,Манинил® 1.75,Глибенкламид
673,Манинил® 3.5,Глибенкламид
674,Манинил® 5,Глибенкламид
675,Марвелон®,Дезогестрел+Этинилэстрадиол
676,Марукса®,Мемантин
677,Мебендазол,Мебендазол
678,Мебеспалин,Мебеверин
679,Мезим® 20000,Панкреатин
680,Мезим® Про,Панкреатин
681,Мезим® форте,Панкреатин
682,Мексидол®,Этилметилгидроксипиридина сукцинат
683,Меладапт,Мелатонин
684,Меларитм®,Мелатонин
685,Мелатонин,Мелатонин
686,Мелатонин-СЗ,Мелатонин
687,Мелипрамин®,Имипрамин
688,Мелоксикам,Мелоксикам
689,Мелоксикам Медисорб,Мелоксикам
690,Мелоксикам-АКОС,Мелоксикам
691,Мелоксикам-Акрихин,Мелоксикам
692,Мельдоний,Мельдоний
693,Мельдоний Органика,Мельдоний
694,Меманталь®,Мемантин
695,Мемантин-Акрихин,Мемантин
696,Мемоплант,Гинкго двулопастного листьев экстракт
697,Мендилекс®,Бипериден
698,Менопур®,Менотропины
699,Менопур® Мультидоза,Менотропины
700,Мерифатин МВ,Метформин
701,Мерказолил,Тиамазол
702,Меропенем,Меропенем
703,Мерсилон®,Дезогестрел+Этинилэстрадиол
704,МестаМидин-сенс,Октенидина дигидрохлорид+Феноксиэтанол
705,Метаглиптин Медисорб,Вилдаглиптин+Метформин
706,Метадоксил,Метадоксин
707,Метазид,Метазид
708,Метализе®,Тенектеплаза
709,Метилурацил,Диоксометилтетрагидропиримидин
710,Метилурацил Реневал,Диоксометилтетрагидропиримидин
711,Метионин,Метионин
712,Метоклопрамид,Метоклопрамид
713,Метопролол,Метопролол
714,Метостабил,Этилметилгидроксипиридина сукцинат
715,Метотрексат,Метотрексат
716,Метрогил®,Метронидазол
717,Метрогил® Плюс,Клотримазол+Метронидазол
718,Метронидазол,Метронидазол
719,Метронидазол Медисорб,Метронидазол
720,Метронидазол Реневал,Метронидазол
721,Метронидазол-АКОС,Метронидазол
722,МетуцинВел®,Этилметилгидроксипиридина сукцинат
723,Метформин,Метформин
724,Метформин-ВЕРТЕКС,Метформин
725,Мецитолин,Циклопентолат
726,Мигрепам®,Золмитриптан
727,Мидиана®,Дроспиренон+Этинилэстрадиол
728,Мидокалм-Рихтер,Толперизон+[Лидокаин]
729,Микардис®,Телмисартан
730,Микафунгин,Микафунгин
731,Микозорал,Кетоконазол
732,Милурит®,Аллопуринол
733,Мильгамма®,Пиридоксин+Тиамин+Цианокобаламин+[Лидокаин]
734,Минолексин®,Миноциклин
735,Мирапекс®,Прамипексол
736,Мирзатен® Ку-таб®,Миртазапин
737,Митикайд,Мидостаурин
738,Модена,Финголимод
739,Мозобаил,Плериксафор
740,Мокси®,Моксифлоксацин
741,Моксифлоксацин,Моксифлоксацин
742,Моксифлоксацин-СОЛОфарм,Моксифлоксацин
743,Моксонидин,Моксонидин
744,Моксонидин Реневал,Моксонидин
745,Моксонидин-АЛСИ,Моксонидин
746,Моксонидин-Акрихин,Моксонидин
747,Мометазон-Акрихин,Мометазон
748,Монлер®,Монтелукаст
749,Мотониум®,Домперидон
750,Мофлаксия®,Моксифлоксацин
751,Мукалтин,Алтея лекарственного травы экстракт
752,Мукалтишка,Алтея корней экстракт
753,Мулмилида®,Леналидомид
754,НАФТИЗИН,Нафазолин
755,НЕЙПИЛЕПТ®,Цитиколин
756,НЕПАФЕНАК-ОПТИК,Непафенак
757,НЕФРОСТЕН®,Золототысячника трава+Любистока лекарственного корни+Розмарина лекарственного листья
758,НИДОРФАН,Нитизинон
759,Навельбин,Винорелбин
760,Наглазим®,Галсульфаза
761,Назарел,Флутиказон
762,Найз®,Нимесулид
763,Найз® Активгель,Нимесулид
764,Найсулид®,Нимесулид
765,Наклофен,Диклофенак
766,Наклофен Дуо,Диклофенак
767,Наксимин,Ксилометазолин+[Декспантенол]
768,Налгезин®,Напроксен
769,Налгезин® форте,Напроксен
770,Насобек,Беклометазон
771,Натамицин,Натамицин
772,Натрия пара-аминосалицилат,Аминосалициловая кислота
773,Натрия хлорид,Натрия хлорид
774,Натрия хлорид буфус,Натрия хлорид
775,Нафтодерил,Нафтифин
776,Невирпин®,Невирапин
777,Нейрокс®,Этилметилгидроксипиридина сукцинат
778,Нейромексол®,Этилметилгидроксипиридина сукцинат
779,Нейронтин®,Габапентин
780,Нейропол,Цитиколин
781,Нексавар,Сорафениб
782,НексоБрид®,Бромелаины
783,Необутин®,Тримебутин
784,Необутин® Ретард,Тримебутин
785,Неопакс®,Иматиниб
786,Несопин®,Оксиметазолин
787,Никорубин,Доксорубицин
788,Никотиновая кислота,Никотиновая кислота
789,Никуриллы,Цитизин
790,Нимесулид,Нимесулид
791,Нимесулид-ВЕРТЕКС,Нимесулид
792,Нимесулид-Тева,Нимесулид
793,Нитроглицерин,Нитроглицерин
794,Нифурал®,Нифуроксазид
795,Нифуроксазид,Нифуроксазид
796,Ницерголин,Ницерголин
797,Но-шпа® форте,Дротаверин
798,Новатрон,Сальбутамол
799,Новатрон нео,Сальбутамол
800,Новиган® Леди,Дротаверин+Ибупрофен
801,Новинет®,Дезогестрел+Этинилэстрадиол
802,Новобисмол®,Висмута трикалия дицитрат
803,Нозефрин®,Мометазон
804,Нолипрел® А,Индапамид+Периндоприл
805,Нолипрел® А Би-форте,Индапамид+Периндоприл
806,Нолипрел® А форте,Индапамид+Периндоприл
807,Нолицин®,Норфлоксацин
808,Номидес®,Осельтамивир
809,Норколут®,Норэтистерон
810,Нормодипин®,Амлодипин
811,Норфлоксацин,Норфлоксацин
812,Норфлоксацин Реневал,Норфлоксацин
813,Нурофаст®,Ибупрофен
814,Нурофаст® Форте,Ибупрофен
815,ОКИ,Кетопрофен
816,ОКОФЕНАК®,Бромфенак
817,ОКСАМП®-натрий,Ампициллин+Оксациллин
818,ОКСИТОЦИН,Окситоцин
819,ОКУЛАРИС® АНТИСЕПТ,Пиклоксидин
820,ОНДАНСЕТРОН,Ондансетрон
821,ОРАЛСЕПТ®,Бензидамин
822,ОРЛИСТАТ-АЛИУМ,Орлистат
823,ОРНИЛАТЕКС®,Орнитин
824,Облепиховое масло,Облепихи крушиновидной плодов масло
825,Овипол Клио®,Эстриол
826,Оксалиплатин-РОНЦ®,Оксалиплатин
827,Оксиметазолин-Акрихин,Оксиметазолин
828,Окскарбазепин,Окскарбазепин
829,Олиместра®,Олмесартан медоксомил
830,Олитид,Абакавир
831,Омакор,Омега-3 кислот этиловые эфиры 90
832,Омепразол,Омепразол
833,Омепразол Реневал,Омепразол
834,Омепразол-OBL,Омепразол
835,Омнитус®,Бутамират
836,Онглиза®,Саксаглиптин
837,Онкаспар,Пэгаспаргаза
838,Онкотрон,Митоксантрон
839,Опатанол®,Олопатадин
840,Опримея®,Прамипексол
841,Оргалутран®,Ганиреликс
842,Орлистат,Орлистат
843,Орсотен®,Орлистат
844,Орсотен® слим,Орлистат
845,Ортофен®,Диклофенак
846,Орунгамин®,Итраконазол
847,Остерепар,Алендроновая кислота
848,Отофа,Рифамицин
849,Отривин,Ксилометазолин
850,Отрио,Эзетимиб
851,Офлокс,Офлоксацин
852,Офлоксацин,Офлоксацин
853,Офтоципро®,Ципрофлоксацин
854,Офтрикс,Тетризолин
855,ПАНУМ®,Пантопразол
856,ПАСК,Аминосалициловая кислота
857,ПАСК-Акри,Аминосалициловая кислота
858,ПАСК-Акри®,Аминосалициловая кислота
859,ПЕРИНДОПРИЛ АВЕКСИМА,Периндоприл
860,ПЕРИНДОПРИЛ-АЛИУМ,Периндоприл
861,ПИКАМИЛОН®,Никотиноил гамма-аминомасляная кислота
862,ПИРАЦЕТАМ-АЛИУМ,Пирацетам
863,ПОЛАЙВИ®,полатузумаб ведотин
864,ПРИМАФУНГИН®,Натамицин
865,Пабал,Карбетоцин
866,Паксил®,Пароксетин
867,Панавир®,Картофеля побегов сумма полисахаридов Полисахариды побегов Solanum tuberosum
868,Панангин®,Калия аспарагинат+Магния аспарагинат
869,Панангин® Форте,Калия аспарагинат+Магния аспарагинат
870,Панаспар,Калия аспарагинат+Магния аспарагинат
871,Панатус®,Бутамират
872,Панатус® форте,Бутамират
873,Панкреатин 20000,Панкреатин
874,Панкреатин Реневал 10000,Панкреатин
875,Пантогам®,Гопантеновая кислота
876,Пантодерм плюс,Декспантенол+Хлоргексидин
877,Пантодерм®,Декспантенол
878,Пантопразол,Пантопразол
879,Пантопразол-Акрихин,Пантопразол
880,Панцеф®,Цефиксим
881,Папазол Реневал,Бендазол+Папаверин
882,Парацетамол,Парацетамол
883,Парацетамол ЭКСТРАТАБ,Парацетамол+[Аскорбиновая кислота]
884,Парацетамол-АКОС,Парацетамол
885,Парацетамол-Алиум,Парацетамол
886,Пасконат,Аминосалициловая кислота
887,Пассажикс®,Домперидон
888,Пектрол®,Изосорбида мононитрат
889,Пемелан®,Пеметрексед
890,Пентоксифиллин,Пентоксифиллин
891,Периндоприл,Периндоприл
892,Периндоприл-Тева,Периндоприл
893,Пермиксон,Пальмы ползучей плодов экстракт
894,Пиковит®,Поливитамины+Минералы Поливитамины
895,Пиковит® форте,Поливитамины
896,Пикодинар,Натрия пикосульфат
897,Пикрэй,Алпелисиб
898,Пикторид-СОЛОфарм,Пиклоксидин
899,Пилактам,Пиперациллин+[Тазобактам]
900,Пилокарпин,Пилокарпин
901,Пинеамин®,Полипептиды шишковидной железы [эпифиза] крупного рогатого скота
902,Пипольфен®,Прометазин
903,Пиразидол®,Пирлиндол
904,Пирантел,Пирантел
905,Пирацетам,Пирацетам
906,Пироксикам,Пироксикам
907,Плавикс®,Клопидогрел
908,ПланиЖенс® трио,Левоноргестрел+Этинилэстрадиол
909,Полидекса,Дексаметазон+Неомицин+Полимиксин B
910,Полидекса с фенилэфрином,Дексаметазон+Неомицин+Полимиксин B+Фенилэфрин
911,Полинадим®,Дифенгидрамин+Нафазолин
912,Полисорб МП,Кремния диоксид коллоидный
913,Порталак®,Лактулоза
914,Постинор®,Левоноргестрел
915,Постиплания,Левоноргестрел
916,Прадакса®,Дабигатрана этексилат
917,Праксбайнд®,Идаруцизумаб
918,Преднизолон,Преднизолон
919,Преднизолон Реневал,Преднизолон
920,Предуктал® МВ,Триметазидин
921,Предуктал® ОД,Триметазидин
922,Престанс®,Периндоприл+Амлодипин
923,Престариум® А,Периндоприл
924,Прилуксид,Такролимус
925,Примаксетин®,Дапоксетин
926,Присыпка детская,Цинка оксид
927,Пролиа®,Деносумаб
928,Пропафенон,Пропафенон
929,Прополиса настойка Реневал,Прополис
930,Простатилен® АЦ,Простаты экстракт+Цинка аргинил-глицинат
931,Простатилен® ФОРТЕ,Простаты экстракт
932,Протаргол,Серебра протеинат
933,Протромплекс 600,"Факторы свертывания крови II, VII, IX и X в комбинации [Протромбиновый комплекс]"
934,Профлосин®,Тамсулозин
935,Пульмибуд,Будесонид
936,Пурегон®,Фоллитропин бета
937,Пустырника настойка Реневал,Пустырника травы настойка
938,Пустырника экстракт,Пустырника травы экстракт
939,РЕАМБЕРИН®,Меглюмина натрия сукцинат
940,РИБОКСИН АВЕКСИМА,Инозин
941,РОЗУВАСТАТИН-АЛИУМ,Розувастатин
942,РОЗУСТИН®,Бендамустин
943,Рабепразол ПСК,Рабепразол
944,Рабиет®,Рабепразол
945,Раеном®,Ивабрадин
946,Ралеф®,Лефлуномид
947,Рамиприл-АКОС,Рамиприл
948,Рамлепса®,Парацетамол+Трамадол
949,Ранекса®,Ранолазин
950,Рапиклав®,Амоксициллин+Клавулановая кислота
951,Рапинов,Ропивакаин
952,Реагила®,Карипразин
953,Ребагит®,Ребамипид
954,Ребинолин®,Иммуноглобулин антирабический
955,Ревацио®,Силденафил
956,Револейд®,Элтромбопаг
957,"Регевак® В (Вакцина против гепатита В, рекомбинантная дрожжевая жидкая)",Вакцина для профилактики вирусного гепатита B
958,Регулон,Дезогестрел+Этинилэстрадиол
959,Рековелль®,Фоллитропин дельта
960,Релвар Эллипта,Вилантерол+Флутиказона фуроат
961,Релиф®,Фенилэфрин
962,Релиф® Про,Лидокаин+Флуокортолон
963,Релпакс®,Элетриптан
964,Рениприл®,Эналаприл
965,Реплагал®,Агалсидаза альфа
966,Реслип®,Доксиламин
967,Респикам®,Альфа1-протеиназы ингибитор (человеческий)
968,Респикомб® Эйр,Беклометазон+Формотерол
969,Респирафен® Эйр,Ипратропия бромид+Фенотерол
970,Респисальф®,Салметерол+Флутиказон
971,Респисальф® Эйр,Салметерол+Флутиказон
972,Респифорб®,Будесонид+Формотерол
973,Ретиналамин®,Полипептиды сетчатки глаз скота
974,Рефурокс,Нифуроксазид
975,Риалтрис Моно,Мометазон
976,Рибоксин Реневал,Инозин
977,Рибоксин буфус,Инозин
978,Ривароксабан Медисорб,Ривароксабан
979,Риксинт назаль,Оксиметазолин
980,Римантадин Актитаб,Римантадин
981,Римантадин Реневал,Римантадин
982,РинГлар®,Инсулин гларгин
983,РинЛиз®,Инсулин лизпро
984,РинЛиз® Микс 25,Инсулин лизпро двухфазный
985,Рингера раствор,Натрия хлорида раствор сложный [Калия хлорид+Кальция хлорид+Натрия хлорид]
986,Ринорус®,Ксилометазолин
987,Риностоп®,Ксилометазолин
988,Ринсулин® НПХ,Инсулин-изофан [человеческий генно-инженерный]
989,Риолма®,Эплеренон
990,Рисперидон-КРКА,Рисперидон
991,Рифампицин,Рифампицин
992,Розувастатин,Розувастатин
993,Розувастатин-Акрихин,Розувастатин
994,Розукард®,Розувастатин
995,Розулип®,Розувастатин
996,Розулип® Плюс,Розувастатин+Эзетимиб
997,Рокона®,Флувоксамин
998,Роксера®,Розувастатин
999,Ропаксим,Ипратропия бромид+Ксилометазолин
1000,Ропивабин®,Ропивакаин
1001,Румикоз®,Итраконазол
1002,САНОВАСК®,Ацетилсалициловая кислота
1003,СОТАЛОЛ АВЕКСИМА,Соталол
1004,СПАЗМАЛГОН® ЭФФЕКТ,Дротаверин+Кофеин+Напроксен+Парацетамол+Фенирамин
1005,СУЛЬГИН АВЕКСИМА,Сульфагуанидин
1006,СУЛЬФОКАМФОКАИН®,Прокаин+Сульфокамфорная кислота
1007,СУПРАСТИНЕКС®,Левоцетиризин
1008,Саб® Симплекс,Симетикон
1009,Саквинавир-ТЛ,Саквинавир
1010,Сальбутамол,Сальбутамол
1011,Сальбутамол-Тева,Сальбутамол
1012,Сарклиза®,Изатуксимаб
1013,Сатерекс®,Гозоглиптин
1014,Сатерекс®Мет,Гозоглиптин и Метформин
1015,Сафистон®,Кофеин+Парацетамол+Пропифеназон
1016,Севоран®,Севофлуран
1017,Сейзар,Ламотриджин
1018,Сенсинор,Цетиризин
1019,Сиалор®,Серебра протеинат
1020,Силденафил,Силденафил
1021,Силденафил Кардио,Силденафил
1022,Силденафил-ФПО®,Силденафил
1023,Силует®,Диеногест+Этинилэстрадиол
1024,Симанод,Атазанавир
1025,Симбалта®,Дулоксетин
1026,Симвастатин,Симвастатин
1027,Симвастатин Алкалоид,Симвастатин
1028,Синафлан,Флуоцинолона ацетонид
1029,Синфен,Тамоксифен
1030,Скоприл плюс,Гидрохлоротиазид+Лизиноприл
1031,Слабикап,Натрия пикосульфат
1032,Слабилен®,Натрия пикосульфат
1033,Слипзон®,Доксиламин
1034,Соликва СолоСтар®,Инсулин гларгин+Ликсисенатид
1035,Солонэкс,Цетиризин
1036,Солосорб,Полиметилсилоксана полигидрат
1037,Сомаверт®,Пэгвисомант
1038,Сонизин®,Тамсулозин
1039,Сонирид Дуо,Тамсулозин+Финастерид [набор]
1040,Сорафениб,Сорафениб
1041,Сорбифер Дурулес,Железа сульфат+[Аскорбиновая кислота]
1042,Софосбувир-ТЛ,Софосбувир
1043,Спазмалгон®,Метамизол натрия+Питофенон+Фенпивериния бромид
1044,Спарфлоксацин,Спарфлоксацин
1045,Спирива®,Тиотропия бромид
1046,Ставудин,Ставудин
1047,Статиглин,Глибенкламид
1048,Стелфрин,Фенилэфрин
1049,Стелфрин супра,Фенилэфрин
1050,Стиварга®,Регорафениб
1051,Стопдиар,Нифуроксазид
1052,Стоптуссин ФИТО,Подорожника ланцетовидного листьев экстракт+Тимьяна обыкновенного травы экстракт+Тимьяна ползучего травы экстракт
1053,Стриверди® Респимат®,Олодатерол
1054,Структум,Хондроитина сульфат
1055,Стугерон®,Циннаризин
1056,Суксаметония хлорид,Суксаметония хлорид
1057,Сульзонцеф®,Цефоперазон+[Сульбактам]
1058,Сультасин®,Ампициллин+[Сульбактам]
1059,Сультриаксон,Цефтриаксон+[Сульбактам]
1060,Сульфасалазин,Сульфасалазин
1061,Сульфасалазин-ЕН,Сульфасалазин
1062,Сульфацил-натрия,Сульфацетамид
1063,Сумамед®,Азитромицин
1064,Сумамед® форте,Азитромицин
1065,Сумамигрен,Суматриптан
1066,Суматриптан,Суматриптан
1067,Супрастин®,Хлоропирамин
1068,Супрастинекс®,Левоцетиризин
1069,Суприламин,Хлоропирамин
1070,Супрозафен,Розувастатин+Фенофибрат
1071,Сыворотка противогангренозная поливалентная лошадиная очищенная концентрированная,Антитоксин гангренозный
1072,ТЕЛМИСАРТАН Фармасинтез,Телмисартан
1073,ТЕРАБИНТА®,Абиратерон
1074,ТИЛОРОН-АЛИУМ,Тилорон
1075,ТИРЭУС®,Нитизинон
1076,ТОЛПИРИЛИД®,Толперизон+[Лидокаин]
1077,Тагиста®,Бетагистин
1078,Тайверб®,Лапатиниб
1079,Такселен,Доцетаксел
1080,Тамоксифен,Тамоксифен
1081,Тамсулозин Реневал,Тамсулозин
1082,Тамсулозин ретард,Тамсулозин
1083,Тамсулозин-OBL,Тамсулозин
1084,Танакан®,Гинкго двулопастного листьев экстракт
1085,Тантум® Верде,Бензидамин
1086,Тантум® Верде форте,Бензидамин
1087,Тантум® Роза,Бензидамин
1088,Тардиферон®,Железа сульфат
1089,Твинста®,Амлодипин+Телмисартан
1090,Тебантин®,Габапентин
1091,Тегретол® ЦР,Карбамазепин
1092,Телзап® АМ,Амлодипин+Телмисартан
1093,Телмиста®,Телмисартан
1094,Телмиста® АМ,Амлодипин+Телмисартан
1095,Телмиста® Н,Гидрохлоротиазид+Телмисартан
1096,Телсартан® Н,Гидрохлоротиазид+Телмисартан
1097,Темозолекс,Темозоломид
1098,Тенрилтаб,Рилпивирин+Тенофовир+Эмтрицитабин
1099,Теовексал,Транексамовая кислота
1100,Теопэк,Теофиллин
1101,Тералив 275,Напроксен
1102,Тербизил®,Тербинафин
1103,Тербинафин,Тербинафин
1104,Тержинан,Неомицин+Нистатин+Преднизолон+Тернидазол
1105,Теризидон,Теризидон
1106,Тесинвис®,Абиратерон
1107,Тетрациклин,Тетрациклин
1108,Тетрациклин Реневал,Тетрациклин
1109,Тетрациклин-АКОС,Тетрациклин
1110,Тетурам,Дисульфирам
1111,Тецентрик®,Атезолизумаб
1112,Тиаприд,Тиаприд
1113,Тигецивер®,Тигециклин
1114,Тизалуд,Тизанидин
1115,Тизерцин®,Левомепромазин
1116,Тилорон-СЗ,Тилорон
1117,Тимилокс®,Моксифлоксацин
1118,Тимоген®,Альфа-глутамил-триптофан
1119,Тимолол-АКОС,Тимолол
1120,Тинидазол,Тинидазол
1121,Тинидазол-Акри®,Тинидазол
1122,Тиогамма®,Тиоктовая кислота
1123,Тиопентал натрия,Тиопентал натрия
1124,Тиоридазин,Тиоридазин
1125,Тобрамицин ПСК,Тобрамицин
1126,Толперизон Медисорб,Толперизон
1127,Толперизон+Лидокаин,Толперизон+[Лидокаин]
1128,Толперизон-OBL,Толперизон
1129,Толперизон-Акрихин,Толперизон
1130,Топалепсин®,Топирамат
1131,Топирамат,Топирамат
1132,Тораксол Солюшн Таблетс,Амброксол
1133,Торасемид Медисорб,Торасемид
1134,Торендо® Ку-таб®,Рисперидон
1135,Траваксал,Травопрост
1136,Трамадол,Трамадол
1137,Трамадол ретард,Трамадол
1138,Трамицент,Фрамицетин
1139,Транексамовая кислота,Транексамовая кислота
1140,Тремфея,Гуселькумаб
1141,Тригрим,Торасемид
1142,Трилактан®,Латанопрост
1143,Тримебутин-ВЕРТЕКС,Тримебутин
1144,Триметазидин-АКОС МВ,Триметазидин
1145,ТриоСмарт,Кетопрофен
1146,Триттико,Тразодон
1147,Трихопол,Метронидазол
1148,Троксактив,Гесперидин+Диосмин
1149,Троксевазин®,Троксерутин
1150,Троксевазин® Нео,Гепарин натрия+Декспантенол+Троксерутин
1151,Троксерутин,Троксерутин
1152,Троксерутин-АКОС,Троксерутин
1153,Тромбопол,Ацетилсалициловая кислота
1154,Тропикамид-СОЛОфарм,Тропикамид
1155,Трулисити®,Дулаглутид
1156,УРАПИДИЛ Дж,Урапидил
1157,УРСОМАКС,Урсодезоксихолевая кислота
1158,Убистезин,Артикаин+Эпинефрин
1159,Убистезин форте,Артикаин+Эпинефрин
1160,Улькавис®,Висмута трикалия дицитрат
1161,Ультоп®,Омепразол
1162,Умифеновир,Умифеновир
1163,Урдокса®,Урсодезоксихолевая кислота
1164,Урдокса® 500,Урсодезоксихолевая кислота
1165,Урсодезоксихолевая кислота,Урсодезоксихолевая кислота
1166,ФАРИНОРМ® Бензидамин,Бензидамин
1167,ФАРИНОРМ® Бензидамин форте,Бензидамин
1168,ФЛАМАКС®,Кетопрофен
1169,ФУРАГИН АВЕКСИМА,Фуразидин
1170,ФУРАГИН-АЛИУМ,Фуразидин
1171,ФУРАДОНИН АВЕКСИМА,Нитрофурантоин
1172,Фадинозин,Диданозин
1173,Фазлодекс®,Фулвестрант
1174,Файкомпа®,Перампанел
1175,Фактор VII,Фактор свертывания крови VII
1176,Фаминосалк,Аминосалициловая кислота
1177,Фамосан®,Фамотидин
1178,Фамотидин,Фамотидин
1179,Фамцикловир,Фамцикловир
1180,Фарестон,Торемифен
1181,Фарингазон,Амбазон
1182,Фарингопронт,Амбазон
1183,Фемилекс®,Молочная кислота
1184,Фемостон® 1,Дидрогестерон+Эстрадиол и Эстрадиол [набор]
1185,Фемостон® 2,Дидрогестерон+Эстрадиол и Эстрадиол [набор]
1186,Фемостон® конти,Дидрогестерон+Эстрадиол
1187,Фемостон® мини,Дидрогестерон+Эстрадиол
1188,Фенибут-Акрихин,Аминофенилмасляная кислота
1189,Феникамид,Тропикамид+Фенилэфрин
1190,Фенилэфрин,Фенилэфрин
1191,Феницитол,Диметинден
1192,Фенобарбитал,Фенобарбитал
1193,Фенотэйр®,Фенотерол
1194,Филотид,Этопозид
1195,Фильтрум®-СТИ,Лигнин гидролизный
1196,Финаст®,Финастерид
1197,Финастерид-OBL,Финастерид
1198,Финастерид-Тева,Финастерид
1199,Фирелбин,Винорелбин
1200,Фирмагон,Дегареликс
1201,Фламадекс®,Декскетопрофен
1202,Флебавен®,Очищенная микронизированная флавоноидная фракция (диосмин+флавоноиды в пересчете на гесперидин)
1203,Фломирен,Микофенолата мофетил
1204,Флорацид®,Левофлоксацин
1205,Флударабин-Тева,Флударабин
1206,Флуконазол,Флуконазол
1207,Флуконазол Медисорб,Флуконазол
1208,Флуконазол-OBL,Флуконазол
1209,Флуконазол-Акрихин,Флуконазол
1210,Флуконазол-Тева,Флуконазол
1211,Флукорус®,Флуконазол
1212,Флуоксетин,Флуоксетин
1213,Флутамид,Флутамид
1214,Флюдер,Клопидогрел
1215,Фозиноприл,Фозиноприл
1216,Формотерол-Алиум,Формотерол
1217,Форсиглекс,Метформин+Ситаглиптин
1218,Фортедетрим,Колекальциферол
1219,Фосфоглив® УРСО,Глицирризиновая кислота+Урсодезоксихолевая кислота
1220,Фриостерин,Калия хлорид+Кальция хлорид+Магния хлорид+Натрия ацетат+Натрия хлорид+Яблочная кислота
1221,Фромилид®,Кларитромицин
1222,Фромилид® уно,Кларитромицин
1223,Фталазол,Фталилсульфатиазол
1224,Фтивазид,Фтивазид
1225,Фтизопирам® В6,Изониазид+Пиразинамид+[Пиридоксин]
1226,Фторокорт,Триамцинолон
1227,Фунгодерил®,Нафтифин
1228,Фурагин,Фуразидин
1229,Фурагин-Актифур,Фуразидин
1230,Фурадонин,Нитрофурантоин
1231,Фуразолидон Реневал,Фуразолидон
1232,Фурацилин,Нитрофурал
1233,Фуросемид,Фуросемид
1234,Фуросемид буфус,Фуросемид
1235,Фуросемид-СОЛОфарм,Фуросемид
1236,ХОНДРОГАРД®,Хондроитина сульфат
1237,Халиксол®,Амброксол
1238,Хели-Стоп,Висмута трикалия дицитрат
1239,Хемомицин,Азитромицин
1240,Хлоропирамин,Хлоропирамин
1241,Хлорпромазин,Хлорпромазин
1242,Хлорпромазин Органика,Хлорпромазин
1243,Хлорпротиксен,Хлорпротиксен
1244,Холи-Альфа®,Холина альфосцерат
1245,Хондроитин-АКОС,Хондроитина сульфат
1246,Хондроитин-ВЕРТЕКС,Хондроитина сульфат
1247,Хумалог®,Инсулин лизпро
1248,ЦЕТИРИЗИН-АЛИУМ,Цетиризин
1249,ЦИ-КЛИМ®,Цимицифуги даурской корневищ с корнями экстракт
1250,ЦИ-КЛИМ® Аланин,Бета-аланин
1251,ЦИКЛОСЕРИН АВЕКСИМА,Циклосерин
1252,ЦИКЛОФЕРОН®,Меглюмина акридонацетат
1253,ЦИННАРИЗИН АВЕКСИМА,Циннаризин
1254,ЦИТИКОЛИН-АЛИУМ,Цитиколин
1255,ЦИТОФЛАВИН®,Инозин+Никотинамид+Рибофлавин+Янтарная кислота
1256,Целиксел,Паклитаксел
1257,Церафазон,Цефоперазон
1258,Церетон®,Холина альфосцерат
1259,Цертакаин®,Артикаин+[Эпинефрин]
1260,Церукал®,Метоклопрамид
1261,Цетиризин,Цетиризин
1262,Цетиризин Реневал,Цетиризин
1263,Цетиризин-АКОС,Цетиризин
1264,Цетиризин-Акрихин,Цетиризин
1265,Цефазолин-АКОС,Цефазолин
1266,Цефотаксим,Цефотаксим
1267,Цефтазидим-АКОС,Цефтазидим
1268,Циклосерин,Циклосерин
1269,Цинакальцет-ТЛ,Цинакальцет
1270,Цинктерал®-Тева,Цинка сульфат
1271,Циннаризин,Циннаризин
1272,Ципролет®,Ципрофлоксацин
1273,Ципролет® А,Тинидазол+Ципрофлоксацин
1274,Ципротерон-Тева,Ципротерон
1275,Ципрофлоксацин,Ципрофлоксацин
1276,Ципрофлоксацин-Тева,Ципрофлоксацин
1277,Цисплатин,Цисплатин
1278,Цисплатин-РОНЦ®,Цисплатин
1279,Цито Геликс,Диклофенак
1280,Цитовир®-3,Альфа-глутамил-триптофан+Аскорбиновая кислота+Бендазол
1281,Цитофлавин®,Инозин+Никотинамид+Рибофлавин+Янтарная кислота
1282,Цитрамон П Медисорб,Ацетилсалициловая кислота+Кофеин+Парацетамол
1283,Чарозетта®,Дезогестрел
1284,ЭНСПРИНГ®,Сатрализумаб
1285,Эваксил® дропс,Натрия пикосульфат
1286,Эвкабал®,Подорожника экстракт жидкий+Тимьяна экстракт жидкий
1287,Эводин®,Эвоглиптин
1288,Эврин,Этилметилгидроксипиридина сукцинат
1289,Эгилок®,Метопролол
1290,Эголанза®,Оланзапин
1291,Эзлор,Дезлоратадин
1292,Эзомепразол,Эзомепразол
1293,Эйфа® АЦ,Ацетилцистеин
1294,Эквамер®,Амлодипин+Лизиноприл+Розувастатин
1295,Экзитер®,Тербинафин
1296,Экзорум,Оксалиплатин
1297,Экоклав®,Амоксициллин+[Клавулановая кислота]
1298,Экофурил®,Нифуроксазид
1299,Эксджива®,Деносумаб
1300,Эксинта®,Аминобензойная кислота
1301,Экспортал®,Лактитол
1302,Экурохол,Урсодезоксихолевая кислота
1303,Элапраза®,Идурсульфаза
1304,Элизария®,Экулизумаб
1305,Элицея®,Эсциталопрам
1306,Элицея® Ку-таб®,Эсциталопрам
1307,Элмапарин®,Надропарин кальция
1308,Элонва®,Корифоллитропин альфа
1309,Эльмуцин®,Эрдостеин
1310,Эльцет®,Левоцетиризин
1311,Элюфор,Нифуроксазид
1312,Эменд®,Апрепитант
1313,Эменд® В/В,Фосапрепитант
1314,Эмокси-оптик,Метилэтилпиридинол
1315,Эмоксипин® Нео,Метилэтилпиридинол
1316,Эмтритаб®,Эмтрицитабин
1317,Эмтрицитабин-ТЛ,Эмтрицитабин
1318,Эналаприл,Эналаприл
1319,Эналаприл Реневал,Эналаприл
1320,Эналаприл-ФПО®,Эналаприл
1321,Энап®,Эналаприл
1322,Энап® Р,Эналаприлат
1323,Энап®-H,Гидрохлоротиазид+Эналаприл
1324,Энап®-НЛ,Гидрохлоротиазид+Эналаприл
1325,Энап®-НЛ 20,Гидрохлоротиазид+Эналаприл
1326,Эниксум®,Эноксапарин натрия
1327,Энплейт,Ромиплостим
1328,Энтекавир Сандоз®,Энтекавир
1329,Энтекавир ШТАДА,Энтекавир
1330,Энтеросгель®,Полиметилсилоксана полигидрат
1331,Энтерофурил®,Нифуроксазид
1332,Энтивио®,Ведолизумаб
1333,ЭнцеВир® Нео детский (Вакцина клещевого энцефалита культуральная очищенная концентрированная инактивированная сорбированная),Вакцина для профилактики клещевого энцефалита
1334,Энцетрон-СОЛОфарм,Цитиколин
1335,Эпирубицин-РОНЦ®,Эпирубицин
1336,Эпклюза®,Велпатасвир+Софосбувир
1337,Эплеренон,Эплеренон
1338,Эраксис®,Анидулафунгин
1339,Эриведж®,Висмодегиб
1340,Эритромицин,Эритромицин
1341,Эритропоэтин,Эпоэтин бета
1342,Эриус®,Дезлоратадин
1343,Эсбриет®,Пирфенидон
1344,Эскапел®,Левоноргестрел
1345,Эскузан®,Конского каштана обыкновенного семян экстракт+Тиамина гидрохлорид
1346,Эсмия®,Улипристал
1347,Эспумизан®,Симетикон
1348,Эссенциале® Н,Фосфолипиды
1349,Эссенциальные фосфолипиды,Фосфолипиды
1350,Этамбутол,Этамбутол
1351,Этоксидол®,Этилметилгидроксипиридина малат
1352,Эторелекс®,Эторикоксиб
1353,Эториакс,Эторикоксиб
1354,Эторикоксиб-Тева,Эторикоксиб
1355,Эфкурия,Сапроптерин
1356,Юперио,Валсартан+Сакубитрил
1357,Янувия®,Ситаглиптин
1358,Янумет,Метформин+Ситаглиптин
1359,Яситара,Ситаглиптин
